respondent_id,full_name,neighborhood,channel,pillar,question_num,question_text,response_text,duration_sec,sentiment,timestamp
NCH-201,Marcus Williams,North College Hill,web,ENTERPRISE,1,What types of businesses are missing in North College Hill that you wish were here?,We need a sit-down family restaurant that's not fast food. Catch-a-Fire is great but we need more variety. A soul food restaurant would be amazing.,42,neutral,2026-01-15 09:23:14
NCH-201,Marcus Williams,North College Hill,web,ENTERPRISE,2,Do you currently support any Black-owned businesses in the area? Which ones?,Yes I go to 1996 Eatery at least twice a week. Best wings in the area. I also take my son to Real Deal Boxing Club.,35,positive,2026-01-15 09:24:02
NCH-201,Marcus Williams,North College Hill,web,ENTERPRISE,3,"If you're a business owner or aspiring entrepreneur, what support would help you most?",Not a business owner but I think more advertising for local businesses would help. Half the people don't even know what we have here.,28,neutral,2026-01-15 09:24:45
NCH-201,Marcus Williams,North College Hill,web,ENTERPRISE,4,Is there anything else you'd like to share about local businesses and economic development?,Hamilton Avenue could be so much better. There are too many empty storefronts. We need to fill those spaces with businesses people actually want.,38,negative,2026-01-15 09:25:30
NCH-202,Patricia Johnson,North College Hill,phone,ENTERPRISE,1,What types of businesses are missing in North College Hill that you wish were here?,A pharmacy! We lost our CVS and now I have to drive all the way to Kroger or further. That's hard for seniors like me who don't drive at night.,52,negative,2026-01-15 10:45:22
NCH-202,Patricia Johnson,North College Hill,phone,ENTERPRISE,2,Do you currently support any Black-owned businesses in the area? Which ones?,Oh yes I love going to Goodies for my sweets. And I get my hair done at Splitting Wigs - Tameka does wonderful work.,44,positive,2026-01-15 10:46:15
NCH-202,Patricia Johnson,North College Hill,phone,ENTERPRISE,3,"If you're a business owner or aspiring entrepreneur, what support would help you most?",I'm retired now but my granddaughter wants to open a daycare. She needs help understanding all the licensing and finding affordable space.,48,neutral,2026-01-15 10:47:10
NCH-202,Patricia Johnson,North College Hill,phone,ENTERPRISE,4,Is there anything else you'd like to share about local businesses and economic development?,The Food Truck Fridays are wonderful. More events like that bring people together and help small businesses. Keep those going!,39,positive,2026-01-15 10:48:05
NCH-203,DeShawn Thompson,North College Hill,web,ENTERPRISE,1,What types of businesses are missing in North College Hill that you wish were here?,A barbershop that's open late and on Sundays would be clutch. Also need a gym that's not Planet Fitness - something with real equipment.,36,neutral,2026-01-15 14:12:33
NCH-203,DeShawn Thompson,North College Hill,web,ENTERPRISE,2,Do you currently support any Black-owned businesses in the area? Which ones?,Real Deal Boxing Club is where I train. Coach there is the real deal for real. Also get my car detailed by Trotter Mobile Detailing.,32,positive,2026-01-15 14:13:18
NCH-203,DeShawn Thompson,North College Hill,web,ENTERPRISE,3,"If you're a business owner or aspiring entrepreneur, what support would help you most?",I want to open a sneaker resale shop. Need help with startup costs and finding a good location on Hamilton Ave. The facade grants sound helpful.,45,positive,2026-01-15 14:14:08
NCH-203,DeShawn Thompson,North College Hill,web,ENTERPRISE,4,Is there anything else you'd like to share about local businesses and economic development?,We have good bones here. Just need more investment and belief in our community. Too many people go to Northgate for everything.,33,neutral,2026-01-15 14:14:55
NCH-204,Linda Martinez,North College Hill,SMS,ENTERPRISE,1,What types of businesses are missing in North College Hill that you wish were here?,Need a good coffee shop and a Mexican restaurant,,neutral,2026-01-15 16:30:45
NCH-204,Linda Martinez,North College Hill,SMS,ENTERPRISE,2,Do you currently support any Black-owned businesses in the area? Which ones?,Yes 1996 Eatery is my favorite!!,,positive,2026-01-15 16:31:12
NCH-204,Linda Martinez,North College Hill,SMS,ENTERPRISE,3,"If you're a business owner or aspiring entrepreneur, what support would help you most?",N/A just a resident,,neutral,2026-01-15 16:31:45
NCH-204,Linda Martinez,North College Hill,SMS,ENTERPRISE,4,Is there anything else you'd like to share about local businesses and economic development?,More variety please. Tired of going to other neighborhoods for basic stuff,,negative,2026-01-15 16:32:18
NCH-205,Robert Jackson,North College Hill,web,ENTERPRISE,1,What types of businesses are missing in North College Hill that you wish were here?,A hardware store would be huge. Have to go to Home Depot in Finneytown for every little thing. Also wouldn't mind a car wash.,40,negative,2026-01-16 08:15:22
NCH-205,Robert Jackson,North College Hill,web,ENTERPRISE,2,Do you currently support any Black-owned businesses in the area? Which ones?,I try to support local when I can. Get my truck detailed by Trotter Mobile - does great work and comes right to my house.,34,positive,2026-01-16 08:16:05
NCH-205,Robert Jackson,North College Hill,web,ENTERPRISE,3,"If you're a business owner or aspiring entrepreneur, what support would help you most?",I've been thinking about starting a lawn care business. Would need help with equipment financing and getting the word out.,38,neutral,2026-01-16 08:16:50
NCH-205,Robert Jackson,North College Hill,web,ENTERPRISE,4,Is there anything else you'd like to share about local businesses and economic development?,The Chamber of Commerce is doing good work but they need more visibility. Most residents don't know what resources are available.,42,negative,2026-01-16 08:17:40
NCH-206,Keisha Brown,North College Hill,web,ENTERPRISE,1,What types of businesses are missing in North College Hill that you wish were here?,A nice brunch spot! And we need more options for kids - like a tutoring center or enrichment programs. Everything is in other neighborhoods.,55,negative,2026-01-16 11:22:15
NCH-206,Keisha Brown,North College Hill,web,ENTERPRISE,2,Do you currently support any Black-owned businesses in the area? Which ones?,Absolutely. Twisted Nails for my nails and Splitting Wigs for my hair and 1996 Eatery when I don't feel like cooking. Support Black business always.,47,positive,2026-01-16 11:23:10
NCH-206,Keisha Brown,North College Hill,web,ENTERPRISE,3,"If you're a business owner or aspiring entrepreneur, what support would help you most?",I make natural hair products at home and sell on Facebook. Need help scaling up - where to produce larger quantities and how to get into stores.,58,neutral,2026-01-16 11:24:15
NCH-206,Keisha Brown,North College Hill,web,ENTERPRISE,4,Is there anything else you'd like to share about local businesses and economic development?,Love that Catch-a-Fire opened here. Shows outside investors believe in us. Need more of that energy mixed with homegrown businesses.,44,positive,2026-01-16 11:25:05
NCH-207,Thomas Anderson,North College Hill,web,ENTERPRISE,1,What types of businesses are missing in North College Hill that you wish were here?,We could use a proper deli or sandwich shop. Also a dry cleaner that's not going to lose your clothes.,29,neutral,2026-01-16 13:45:33
NCH-207,Thomas Anderson,North College Hill,web,ENTERPRISE,2,Do you currently support any Black-owned businesses in the area? Which ones?,Honestly not as much as I should. Didn't know about many of them until recently. Will check out 1996 Eatery based on what neighbors say.,35,neutral,2026-01-16 13:46:20
NCH-207,Thomas Anderson,North College Hill,web,ENTERPRISE,3,"If you're a business owner or aspiring entrepreneur, what support would help you most?",Not an entrepreneur - just work my 9 to 5. But I'd support anyone trying to improve our business district.,25,neutral,2026-01-16 13:46:55
NCH-207,Thomas Anderson,North College Hill,web,ENTERPRISE,4,Is there anything else you'd like to share about local businesses and economic development?,The North College Hill Bakery has been here 100 years. That's something special. We need to celebrate and protect legacy businesses like that.,41,positive,2026-01-16 13:47:45
NCH-208,Angela Davis,North College Hill,web,ENTERPRISE,1,What types of businesses are missing in North College Hill that you wish were here?,A bookstore! Even a small used bookstore would be amazing. Also a credit union branch - we're underbanked as a community.,38,negative,2026-01-16 15:30:18
NCH-208,Angela Davis,North College Hill,web,ENTERPRISE,2,Do you currently support any Black-owned businesses in the area? Which ones?,Stepping Stone Event Center is where we had my daughter's graduation party. Beautiful space and Black-owned. Also love Goodies for treats.,50,positive,2026-01-16 15:31:15
NCH-208,Angela Davis,North College Hill,web,ENTERPRISE,3,"If you're a business owner or aspiring entrepreneur, what support would help you most?",I run a small catering business from home. The biggest challenge is getting commercial kitchen access without the huge cost.,43,negative,2026-01-16 15:32:05
NCH-208,Angela Davis,North College Hill,web,ENTERPRISE,4,Is there anything else you'd like to share about local businesses and economic development?,The facade improvement program is a great start. But we need more comprehensive support - business planning and marketing help not just physical improvements.,52,neutral,2026-01-16 15:33:05
NCH-209,James Wilson,North College Hill,phone,ENTERPRISE,1,What types of businesses are missing in North College Hill that you wish were here?,Medical offices and urgent care. Having to drive to Finneytown or Northgate for basic healthcare is frustrating especially with kids.,48,negative,2026-01-16 17:15:22
NCH-209,James Wilson,North College Hill,phone,ENTERPRISE,2,Do you currently support any Black-owned businesses in the area? Which ones?,Real Deal Boxing Club - my boys train there. Great mentorship program. And we order from 1996 Eatery for family dinners.,42,positive,2026-01-16 17:16:12
NCH-209,James Wilson,North College Hill,phone,ENTERPRISE,3,"If you're a business owner or aspiring entrepreneur, what support would help you most?",I do handyman work on the side. Would love to turn it into a real business but the licensing and insurance costs are prohibitive.,55,negative,2026-01-16 17:17:15
NCH-209,James Wilson,North College Hill,phone,ENTERPRISE,4,Is there anything else you'd like to share about local businesses and economic development?,We're losing young professionals to other neighborhoods because there's nothing to do here. Need nightlife and restaurants and entertainment.,47,negative,2026-01-16 17:18:10
NCH-210,Michelle Taylor,North College Hill,web,ENTERPRISE,1,What types of businesses are missing in North College Hill that you wish were here?,Definitely a Target or Ross. Tired of driving to Colerain for everything.,33,negative,2026-01-16 19:45:33
NCH-210,Michelle Taylor,North College Hill,web,ENTERPRISE,2,Do you currently support any Black-owned businesses in the area? Which ones?,Yes! Twisted Nails and 1996 Eatery are my spots.,34,positive,2026-01-16 19:46:05
NCH-210,Michelle Taylor,North College Hill,web,ENTERPRISE,3,"If you're a business owner or aspiring entrepreneur, what support would help you most?",Not a business owner but would love to see more support for existing ones.,28,neutral,2026-01-16 19:46:38
NCH-210,Michelle Taylor,North College Hill,web,ENTERPRISE,4,Is there anything else you'd like to share about local businesses and economic development?,Food Truck Fridays are great! More events like that please.,30,positive,2026-01-16 19:47:10
NCH-211,David Moore,North College Hill,web,ENTERPRISE,1,What types of businesses are missing in North College Hill that you wish were here?,An auto repair shop that's trustworthy. Also a laundromat - the nearest one is in bad shape.,33,negative,2026-01-17 08:30:22
NCH-211,David Moore,North College Hill,web,ENTERPRISE,2,Do you currently support any Black-owned businesses in the area? Which ones?,Trotter Mobile Detailing does my cars. Professional service and reasonable prices. That's the kind of business we need more of.,36,positive,2026-01-17 08:31:05
NCH-211,David Moore,North College Hill,web,ENTERPRISE,3,"If you're a business owner or aspiring entrepreneur, what support would help you most?",I've thought about opening that auto shop myself. Would need help with zoning and permits and maybe some startup capital.,40,neutral,2026-01-17 08:31:50
NCH-211,David Moore,North College Hill,web,ENTERPRISE,4,Is there anything else you'd like to share about local businesses and economic development?,West Galbraith Road has potential but it's underutilized. Could be a thriving commercial corridor with the right investment.,38,negative,2026-01-17 08:32:35
NCH-212,Tamara Harris,North College Hill,phone,ENTERPRISE,1,What types of businesses are missing in North College Hill that you wish were here?,A dance studio for kids and adults. Also a juice bar or smoothie shop - something healthy. We have enough fast food.,53,neutral,2026-01-17 10:15:45
NCH-212,Tamara Harris,North College Hill,phone,ENTERPRISE,2,Do you currently support any Black-owned businesses in the area? Which ones?,Splitting Wigs is my salon - been going there for years. And Goodies for my sweet tooth. Try to keep my dollars local.,45,positive,2026-01-17 10:16:40
NCH-212,Tamara Harris,North College Hill,phone,ENTERPRISE,3,"If you're a business owner or aspiring entrepreneur, what support would help you most?",I teach dance part-time and dream of my own studio. Need affordable commercial space and help with business planning.,49,neutral,2026-01-17 10:17:35
NCH-212,Tamara Harris,North College Hill,phone,ENTERPRISE,4,Is there anything else you'd like to share about local businesses and economic development?,The city should do more to connect residents with what's already here. Better signage and a business directory and social media presence.,52,negative,2026-01-17 10:18:35
NCH-213,William Clark,North College Hill,web,ENTERPRISE,1,What types of businesses are missing in North College Hill that you wish were here?,Pet supplies and grooming. I have to go all the way to Petco. Also a good breakfast spot.,31,neutral,2026-01-17 12:22:18
NCH-213,William Clark,North College Hill,web,ENTERPRISE,2,Do you currently support any Black-owned businesses in the area? Which ones?,To be honest no. I'm new to the area and still learning what's around. This survey is actually helpful.,28,neutral,2026-01-17 12:22:55
NCH-213,William Clark,North College Hill,web,ENTERPRISE,3,"If you're a business owner or aspiring entrepreneur, what support would help you most?",Not a business owner. I work in IT remotely. But I'd love to see a co-working space here for people like me.,35,neutral,2026-01-17 12:23:40
NCH-213,William Clark,North College Hill,web,ENTERPRISE,4,Is there anything else you'd like to share about local businesses and economic development?,Coming from a bigger city the lack of walkable retail is noticeable. But I see the potential here. Just needs investment.,40,negative,2026-01-17 12:24:30
NCH-214,Jasmine Robinson,North College Hill,web,ENTERPRISE,1,What types of businesses are missing in North College Hill that you wish were here?,A nail salon that's not booked for weeks and a Black-owned clothing boutique. Also more dining options for date nights.,44,neutral,2026-01-17 14:45:33
NCH-214,Jasmine Robinson,North College Hill,web,ENTERPRISE,2,Do you currently support any Black-owned businesses in the area? Which ones?,All the time! 1996 Eatery is my go-to and Twisted Nails when I can get in and I had my baby shower at Stepping Stone Event Center.,48,positive,2026-01-17 14:46:30
NCH-214,Jasmine Robinson,North College Hill,web,ENTERPRISE,3,"If you're a business owner or aspiring entrepreneur, what support would help you most?",I sell handmade jewelry online. Would love a physical location but rent seems impossible. Pop-up opportunities would help.,42,negative,2026-01-17 14:47:20
NCH-214,Jasmine Robinson,North College Hill,web,ENTERPRISE,4,Is there anything else you'd like to share about local businesses and economic development?,I love our community. The Black business owners here are proof we can build something. Just need more support from the city.,39,positive,2026-01-17 14:48:10
NCH-215,Christopher Lewis,North College Hill,phone,ENTERPRISE,1,What types of businesses are missing in North College Hill that you wish were here?,Entertainment for young people. A bowling alley or arcade or something. Kids have nothing to do so they get into trouble.,50,negative,2026-01-17 16:30:22
NCH-215,Christopher Lewis,North College Hill,phone,ENTERPRISE,2,Do you currently support any Black-owned businesses in the area? Which ones?,Real Deal Boxing Club is keeping my nephew out of trouble. That place is a blessing. Coach is a real mentor.,44,positive,2026-01-17 16:31:15
NCH-215,Christopher Lewis,North College Hill,phone,ENTERPRISE,3,"If you're a business owner or aspiring entrepreneur, what support would help you most?",I do mobile car detailing like Trotter. The competition is tough. Marketing help and business networking would be useful.,47,neutral,2026-01-17 16:32:10
NCH-215,Christopher Lewis,North College Hill,phone,ENTERPRISE,4,Is there anything else you'd like to share about local businesses and economic development?,We need businesses that employ local youth. Give these kids job opportunities and watch the community transform.,42,positive,2026-01-17 16:33:00
NCH-216,Brenda Scott,North College Hill,web,ENTERPRISE,1,What types of businesses are missing in North College Hill that you wish were here?,A senior-friendly restaurant with early bird specials. And more medical facilities - we're aging in place but services aren't here.,46,negative,2026-01-17 18:15:45
NCH-216,Brenda Scott,North College Hill,web,ENTERPRISE,2,Do you currently support any Black-owned businesses in the area? Which ones?,Goodies is my treat place - the owner knows my name. And I've been to Stepping Stone for church events. Beautiful facility.,40,positive,2026-01-17 18:16:35
NCH-216,Brenda Scott,North College Hill,web,ENTERPRISE,3,"If you're a business owner or aspiring entrepreneur, what support would help you most?",Retired now but I'd tell young entrepreneurs to connect with the Chamber of Commerce. Don't try to do it alone.,38,positive,2026-01-17 18:17:25
NCH-216,Brenda Scott,North College Hill,web,ENTERPRISE,4,Is there anything else you'd like to share about local businesses and economic development?,The North College Hill Bakery is a treasure. 100 years! We need to celebrate that and learn from their longevity.,35,positive,2026-01-17 18:18:10
NCH-217,Anthony White,North College Hill,SMS,ENTERPRISE,1,What types of businesses are missing in North College Hill that you wish were here?,A good barber and a sports bar to watch games,,neutral,2026-01-17 20:30:18
NCH-217,Anthony White,North College Hill,SMS,ENTERPRISE,2,Do you currently support any Black-owned businesses in the area? Which ones?,1996 Eatery on weekends. Real Deal Boxing sometimes,,positive,2026-01-17 20:30:50
NCH-217,Anthony White,North College Hill,SMS,ENTERPRISE,3,"If you're a business owner or aspiring entrepreneur, what support would help you most?",Not a business owner,,neutral,2026-01-17 20:31:22
NCH-217,Anthony White,North College Hill,SMS,ENTERPRISE,4,Is there anything else you'd like to share about local businesses and economic development?,Bring more variety. Skyline and fast food isn't enough,,negative,2026-01-17 20:31:55
NCH-218,Nicole Green,North College Hill,web,ENTERPRISE,1,What types of businesses are missing in North College Hill that you wish were here?,Childcare! Finding affordable quality daycare is nearly impossible. Also a children's consignment shop.,37,negative,2026-01-18 09:15:22
NCH-218,Nicole Green,North College Hill,web,ENTERPRISE,2,Do you currently support any Black-owned businesses in the area? Which ones?,When I can yes. 1996 Eatery for special occasions. Trotter Mobile Detailing cleaned my husband's car perfectly.,34,positive,2026-01-18 09:16:05
NCH-218,Nicole Green,North College Hill,web,ENTERPRISE,3,"If you're a business owner or aspiring entrepreneur, what support would help you most?",I've considered opening a home daycare. The regulations seem overwhelming. Step-by-step guidance would help.,40,neutral,2026-01-18 09:16:55
NCH-218,Nicole Green,North College Hill,web,ENTERPRISE,4,Is there anything else you'd like to share about local businesses and economic development?,Young families need reasons to stay here. Better businesses would help with that. Otherwise people move to the suburbs.,44,negative,2026-01-18 09:17:50
NCH-219,Kevin Adams,North College Hill,phone,ENTERPRISE,1,What types of businesses are missing in North College Hill that you wish were here?,Tech repair shop - phone screens and computers and that kind of thing. Also a printing and shipping center like a UPS store.,52,neutral,2026-01-18 11:30:33
NCH-219,Kevin Adams,North College Hill,phone,ENTERPRISE,2,Do you currently support any Black-owned businesses in the area? Which ones?,My wife loves Twisted Nails. I grab food from 1996 Eatery. We try to support Black businesses when we can.,42,positive,2026-01-18 11:31:25
NCH-219,Kevin Adams,North College Hill,phone,ENTERPRISE,3,"If you're a business owner or aspiring entrepreneur, what support would help you most?",I do IT consulting. Could use help finding local business clients. A networking group for NCH entrepreneurs would be great.,48,neutral,2026-01-18 11:32:20
NCH-219,Kevin Adams,North College Hill,phone,ENTERPRISE,4,Is there anything else you'd like to share about local businesses and economic development?,The $25000 facade grants are a good idea. But businesses need customers first. Work on bringing foot traffic to Hamilton Ave.,55,negative,2026-01-18 11:33:25
NCH-220,Sandra Hill,North College Hill,web,ENTERPRISE,1,What types of businesses are missing in North College Hill that you wish were here?,A fabric store or craft supply shop. Us quilters have to go far for supplies. Also a nice florist.,32,neutral,2026-01-18 13:45:18
NCH-220,Sandra Hill,North College Hill,web,ENTERPRISE,2,Do you currently support any Black-owned businesses in the area? Which ones?,Splitting Wigs does wonderful braids for my granddaughters. And Goodies has the best cakes for birthdays.,36,positive,2026-01-18 13:46:05
NCH-220,Sandra Hill,North College Hill,web,ENTERPRISE,3,"If you're a business owner or aspiring entrepreneur, what support would help you most?",I sell quilts at craft fairs. At my age I'm not looking to open a store but pop-up markets would be nice.,38,neutral,2026-01-18 13:46:55
NCH-220,Sandra Hill,North College Hill,web,ENTERPRISE,4,Is there anything else you'd like to share about local businesses and economic development?,Food Truck Fridays brought the community together. More events like that and maybe with local crafters too.,34,positive,2026-01-18 13:47:40
NCH-221,Eric Turner,North College Hill,web,ENTERPRISE,1,What types of businesses are missing in North College Hill that you wish were here?,A real gym with weights and classes. Also some kind of entertainment venue - live music or comedy nights or something.,41,neutral,2026-01-18 15:22:45
NCH-221,Eric Turner,North College Hill,web,ENTERPRISE,2,Do you currently support any Black-owned businesses in the area? Which ones?,Real Deal Boxing is my workout spot. Great community there. Occasionally grab food from 1996 Eatery after training.,37,positive,2026-01-18 15:23:35
NCH-221,Eric Turner,North College Hill,web,ENTERPRISE,3,"If you're a business owner or aspiring entrepreneur, what support would help you most?",I'm a personal trainer working out of Real Deal. Dream of my own fitness studio. Need financing and business mentorship.,45,neutral,2026-01-18 15:24:30
NCH-221,Eric Turner,North College Hill,web,ENTERPRISE,4,Is there anything else you'd like to share about local businesses and economic development?,Hamilton Avenue should be like Vine Street in OTR. We have the buildings - just need the investment and vision.,38,positive,2026-01-18 15:25:20
NCH-222,Dorothy Carter,North College Hill,phone,ENTERPRISE,1,What types of businesses are missing in North College Hill that you wish were here?,We lost our bank branch. Need more financial services here. Also a nice restaurant for after church on Sundays.,50,negative,2026-01-18 17:15:33
NCH-222,Dorothy Carter,North College Hill,phone,ENTERPRISE,2,Do you currently support any Black-owned businesses in the area? Which ones?,Stepping Stone Event Center hosted our church anniversary. Beautiful place. And I get my sweets from Goodies.,46,positive,2026-01-18 17:16:30
NCH-222,Dorothy Carter,North College Hill,phone,ENTERPRISE,3,"If you're a business owner or aspiring entrepreneur, what support would help you most?",I'm retired but my church has a food ministry. Help connecting faith-based organizations with business resources would be good.,53,neutral,2026-01-18 17:17:35
NCH-222,Dorothy Carter,North College Hill,phone,ENTERPRISE,4,Is there anything else you'd like to share about local businesses and economic development?,Pray for our business owners. They're doing important work. The community needs to show up and support them.,44,positive,2026-01-18 17:18:30
NCH-223,Brandon Mitchell,North College Hill,web,ENTERPRISE,1,What types of businesses are missing in North College Hill that you wish were here?,A dispensary would bring tax revenue. Also need a good breakfast and brunch spot - somewhere to take my mom on Mother's Day.,43,neutral,2026-01-18 19:30:22
NCH-223,Brandon Mitchell,North College Hill,web,ENTERPRISE,2,Do you currently support any Black-owned businesses in the area? Which ones?,1996 Eatery is solid. Got my car looking new thanks to Trotter Mobile Detailing. Support Black business whenever possible.,38,positive,2026-01-18 19:31:10
NCH-223,Brandon Mitchell,North College Hill,web,ENTERPRISE,3,"If you're a business owner or aspiring entrepreneur, what support would help you most?",I do graphic design freelance. Would love connections to local businesses who need branding and marketing help.,35,neutral,2026-01-18 19:31:55
NCH-223,Brandon Mitchell,North College Hill,web,ENTERPRISE,4,Is there anything else you'd like to share about local businesses and economic development?,The city website needs work. Hard to find information about business resources. Communication could be much better.,40,negative,2026-01-18 19:32:50
NCH-224,Carol Phillips,North College Hill,SMS,ENTERPRISE,1,What types of businesses are missing in North College Hill that you wish were here?,A good pizza place and an ice cream shop for summer,,neutral,2026-01-18 21:15:18
NCH-224,Carol Phillips,North College Hill,SMS,ENTERPRISE,2,Do you currently support any Black-owned businesses in the area? Which ones?,Goodies and 1996 Eatery are our family favorites,,positive,2026-01-18 21:15:50
NCH-224,Carol Phillips,North College Hill,SMS,ENTERPRISE,3,"If you're a business owner or aspiring entrepreneur, what support would help you most?",Just a mom trying to make ends meet,,neutral,2026-01-18 21:16:22
NCH-224,Carol Phillips,North College Hill,SMS,ENTERPRISE,4,Is there anything else you'd like to share about local businesses and economic development?,More for families and kids please!,,positive,2026-01-18 21:16:55
NCH-225,Raymond Campbell,North College Hill,web,ENTERPRISE,1,What types of businesses are missing in North College Hill that you wish were here?,Dollar General or Family Dollar. Also need more food options beyond Kroger and fast food chains.,35,neutral,2026-01-19 08:45:22
NCH-225,Raymond Campbell,North College Hill,web,ENTERPRISE,2,Do you currently support any Black-owned businesses in the area? Which ones?,Not really familiar with which ones are Black-owned. But I do like that new pizza place Catch-a-Fire.,30,neutral,2026-01-19 08:46:05
NCH-225,Raymond Campbell,North College Hill,web,ENTERPRISE,3,"If you're a business owner or aspiring entrepreneur, what support would help you most?",Not an entrepreneur type. I work at the airport. But I'd support local if there was more to support.,32,neutral,2026-01-19 08:46:45
NCH-225,Raymond Campbell,North College Hill,web,ENTERPRISE,4,Is there anything else you'd like to share about local businesses and economic development?,The area looks tired. Those facade improvement grants need to be more visible. Spruce up Hamilton Avenue.,36,negative,2026-01-19 08:47:35
NCH-226,Tiffany Evans,North College Hill,phone,ENTERPRISE,1,What types of businesses are missing in North College Hill that you wish were here?,A yoga studio and healthy food options. Smoothie bar or salad place or something. Not everyone wants fried food.,48,neutral,2026-01-19 10:30:33
NCH-226,Tiffany Evans,North College Hill,phone,ENTERPRISE,2,Do you currently support any Black-owned businesses in the area? Which ones?,Twisted Nails does amazing work. And Splitting Wigs for my hair. The Black women entrepreneurs here are talented.,44,positive,2026-01-19 10:31:25
NCH-226,Tiffany Evans,North College Hill,phone,ENTERPRISE,3,"If you're a business owner or aspiring entrepreneur, what support would help you most?",I teach yoga classes at the community center. Dreaming of my own studio. Need investors or grants for wellness businesses.,52,neutral,2026-01-19 10:32:25
NCH-226,Tiffany Evans,North College Hill,phone,ENTERPRISE,4,Is there anything else you'd like to share about local businesses and economic development?,Wellness businesses would attract a different demographic. Helps diversify the economic base and brings new residents.,48,positive,2026-01-19 10:33:25
NCH-227,Charles Baker,North College Hill,web,ENTERPRISE,1,What types of businesses are missing in North College Hill that you wish were here?,A bank! We have the bakery and Skyline and Kroger but no real financial services. That's a problem.,36,negative,2026-01-19 12:15:45
NCH-227,Charles Baker,North College Hill,web,ENTERPRISE,2,Do you currently support any Black-owned businesses in the area? Which ones?,Occasionally 1996 Eatery. Should probably support more. The North College Hill Bakery has been there forever though.,34,neutral,2026-01-19 12:16:30
NCH-227,Charles Baker,North College Hill,web,ENTERPRISE,3,"If you're a business owner or aspiring entrepreneur, what support would help you most?",I'm an accountant. Would be interested in helping local entrepreneurs with their books if there was a formal program.,40,positive,2026-01-19 12:17:20
NCH-227,Charles Baker,North College Hill,web,ENTERPRISE,4,Is there anything else you'd like to share about local businesses and economic development?,We need a comprehensive economic development strategy not just one-off programs. Think bigger picture.,38,negative,2026-01-19 12:18:10
NCH-228,Stephanie Collins,North College Hill,web,ENTERPRISE,1,What types of businesses are missing in North College Hill that you wish were here?,A thrift store or consignment shop. Also would love a local coffee roaster or specialty coffee shop.,38,neutral,2026-01-19 14:30:18
NCH-228,Stephanie Collins,North College Hill,web,ENTERPRISE,2,Do you currently support any Black-owned businesses in the area? Which ones?,Love Goodies! Their cupcakes are incredible. And I've heard great things about Stepping Stone for events.,35,positive,2026-01-19 14:31:05
NCH-228,Stephanie Collins,North College Hill,web,ENTERPRISE,3,"If you're a business owner or aspiring entrepreneur, what support would help you most?",I bake as a side hustle. Cottage food laws are confusing. Clear guidance on what I can and can't sell would help.,42,neutral,2026-01-19 14:32:00
NCH-228,Stephanie Collins,North College Hill,web,ENTERPRISE,4,Is there anything else you'd like to share about local businesses and economic development?,Catch-a-Fire opening here was a big deal. Shows momentum is possible. Let's keep it going.,32,positive,2026-01-19 14:32:45
NCH-229,Marcus Thompson,North College Hill,phone,ENTERPRISE,1,What types of businesses are missing in North College Hill that you wish were here?,Job training center and career services. Help people build skills for better jobs. Also a temp agency.,54,negative,2026-01-19 16:45:22
NCH-229,Marcus Thompson,North College Hill,phone,ENTERPRISE,2,Do you currently support any Black-owned businesses in the area? Which ones?,Real Deal Boxing Club trained me when I was younger. Coach changed my life. I still donate when I can.,46,positive,2026-01-19 16:46:20
NCH-229,Marcus Thompson,North College Hill,phone,ENTERPRISE,3,"If you're a business owner or aspiring entrepreneur, what support would help you most?",I want to start a moving company. Need a truck and insurance and licensing. Startup costs are the main barrier.,50,negative,2026-01-19 16:47:20
NCH-229,Marcus Thompson,North College Hill,phone,ENTERPRISE,4,Is there anything else you'd like to share about local businesses and economic development?,Businesses that hire locally make the biggest impact. Economic development should prioritize local employment.,45,positive,2026-01-19 16:48:15
NCH-230,Jennifer Stewart,North College Hill,SMS,ENTERPRISE,1,What types of businesses are missing in North College Hill that you wish were here?,Urgent care and a decent restaurant for date night,,negative,2026-01-19 18:30:33
NCH-230,Jennifer Stewart,North College Hill,SMS,ENTERPRISE,2,Do you currently support any Black-owned businesses in the area? Which ones?,1996 Eatery! The best wings in Cincinnati honestly,,positive,2026-01-19 18:31:05
NCH-230,Jennifer Stewart,North College Hill,SMS,ENTERPRISE,3,"If you're a business owner or aspiring entrepreneur, what support would help you most?",I sell on Etsy. More local craft markets would help,,neutral,2026-01-19 18:31:38
NCH-230,Jennifer Stewart,North College Hill,SMS,ENTERPRISE,4,Is there anything else you'd like to share about local businesses and economic development?,Just give us more options! We want to spend money here,,neutral,2026-01-19 18:32:10
NCH-231,Gerald Washington,North College Hill,web,ENTERPRISE,1,What types of businesses are missing in North College Hill that you wish were here?,Office supply store and business services center. Makes it hard to run a small business without basics nearby.,40,negative,2026-01-19 20:15:45
NCH-231,Gerald Washington,North College Hill,web,ENTERPRISE,2,Do you currently support any Black-owned businesses in the area? Which ones?,Trotter Mobile Detailing keeps my work van looking professional. Good for business. Quality work.,34,positive,2026-01-19 20:16:30
NCH-231,Gerald Washington,North College Hill,web,ENTERPRISE,3,"If you're a business owner or aspiring entrepreneur, what support would help you most?",I run an HVAC business. More contracts with local organizations would help. Also better visibility in community.,44,neutral,2026-01-19 20:17:25
NCH-231,Gerald Washington,North College Hill,web,ENTERPRISE,4,Is there anything else you'd like to share about local businesses and economic development?,The Chamber of Commerce should do more to connect local businesses with local customers. That's economic development.,42,neutral,2026-01-19 20:18:20
NCH-232,Maria Rodriguez,North College Hill,web,ENTERPRISE,1,What types of businesses are missing in North College Hill that you wish were here?,A Latino grocery store and a good taqueria. The Hispanic community here is growing but has no services.,38,negative,2026-01-20 08:30:22
NCH-232,Maria Rodriguez,North College Hill,web,ENTERPRISE,2,Do you currently support any Black-owned businesses in the area? Which ones?,1996 Eatery has delicious food. I take my family there. Good to support other minority-owned businesses.,36,positive,2026-01-20 08:31:10
NCH-232,Maria Rodriguez,North College Hill,web,ENTERPRISE,3,"If you're a business owner or aspiring entrepreneur, what support would help you most?",I want to open a small Mexican restaurant. Language barriers and understanding permits is challenging.,42,negative,2026-01-20 08:32:00
NCH-232,Maria Rodriguez,North College Hill,web,ENTERPRISE,4,Is there anything else you'd like to share about local businesses and economic development?,Diversity makes communities stronger. Support businesses from all backgrounds not just one group.,35,neutral,2026-01-20 08:32:50
NCH-233,Ronald Lee,North College Hill,phone,ENTERPRISE,1,What types of businesses are missing in North College Hill that you wish were here?,Furniture store even a small one. Also an appliance repair shop. Basics that every neighborhood needs.,48,neutral,2026-01-20 10:45:33
NCH-233,Ronald Lee,North College Hill,phone,ENTERPRISE,2,Do you currently support any Black-owned businesses in the area? Which ones?,I know a few exist but honestly couldn't name them. Need better promotion of Black-owned businesses.,42,neutral,2026-01-20 10:46:25
NCH-233,Ronald Lee,North College Hill,phone,ENTERPRISE,3,"If you're a business owner or aspiring entrepreneur, what support would help you most?",Retired from manufacturing. If I was younger I'd open that appliance repair shop. Kids today need trades.,50,neutral,2026-01-20 10:47:25
NCH-233,Ronald Lee,North College Hill,phone,ENTERPRISE,4,Is there anything else you'd like to share about local businesses and economic development?,Apprenticeship programs tied to local businesses would help youth and businesses. Workforce development is key.,46,positive,2026-01-20 10:48:20
NCH-234,Crystal James,North College Hill,web,ENTERPRISE,1,What types of businesses are missing in North College Hill that you wish were here?,A 24-hour something! We have nothing open late. Even a diner. Second shift workers have zero options.,39,negative,2026-01-20 12:22:18
NCH-234,Crystal James,North College Hill,web,ENTERPRISE,2,Do you currently support any Black-owned businesses in the area? Which ones?,Twisted Nails whenever I can get an appointment. They're always booked! That's success right there.,36,positive,2026-01-20 12:23:05
NCH-234,Crystal James,North College Hill,web,ENTERPRISE,3,"If you're a business owner or aspiring entrepreneur, what support would help you most?",I do braiding from home. Want to go legit with a shop. Affordable booth rental or small salon spaces needed.,44,neutral,2026-01-20 12:24:00
NCH-234,Crystal James,North College Hill,web,ENTERPRISE,4,Is there anything else you'd like to share about local businesses and economic development?,Beauty industry is huge here. Support for Black beauty entrepreneurs could be an economic driver.,38,positive,2026-01-20 12:24:50
NCH-235,Paul Martin,North College Hill,web,ENTERPRISE,1,What types of businesses are missing in North College Hill that you wish were here?,Auto parts store and a decent pizza delivery that's not a chain. Support local and eat local.,33,neutral,2026-01-20 14:30:45
NCH-235,Paul Martin,North College Hill,web,ENTERPRISE,2,Do you currently support any Black-owned businesses in the area? Which ones?,The new pizza place Catch-a-Fire is good but I don't know if it's Black-owned. 1996 Eatery for sure.,35,neutral,2026-01-20 14:31:30
NCH-235,Paul Martin,North College Hill,web,ENTERPRISE,3,"If you're a business owner or aspiring entrepreneur, what support would help you most?",Not a business owner just a regular working guy. But lower taxes might help businesses come here.,32,neutral,2026-01-20 14:32:15
NCH-235,Paul Martin,North College Hill,web,ENTERPRISE,4,Is there anything else you'd like to share about local businesses and economic development?,Don't forget the North College Hill Bakery! 100 years and still going. That's something to be proud of.,36,positive,2026-01-20 14:33:05
NCH-236,Vanessa Wright,North College Hill,phone,ENTERPRISE,1,What types of businesses are missing in North College Hill that you wish were here?,Mental health services and a walk-in clinic. Health care deserts are real and we're in one.,52,negative,2026-01-20 16:15:22
NCH-236,Vanessa Wright,North College Hill,phone,ENTERPRISE,2,Do you currently support any Black-owned businesses in the area? Which ones?,Absolutely. Splitting Wigs and Goodies and 1996 Eatery. My dollars stay in the Black community when possible.,45,positive,2026-01-20 16:16:15
NCH-236,Vanessa Wright,North College Hill,phone,ENTERPRISE,3,"If you're a business owner or aspiring entrepreneur, what support would help you most?",I'm a licensed social worker thinking about private practice. Affordable office space is the biggest need.,48,neutral,2026-01-20 16:17:10
NCH-236,Vanessa Wright,North College Hill,phone,ENTERPRISE,4,Is there anything else you'd like to share about local businesses and economic development?,Economic development and public health are connected. Healthy communities are productive communities.,44,positive,2026-01-20 16:18:05
NCH-237,Jerome Howard,North College Hill,SMS,ENTERPRISE,1,What types of businesses are missing in North College Hill that you wish were here?,A good mechanic and barbershop,,negative,2026-01-20 18:30:18
NCH-237,Jerome Howard,North College Hill,SMS,ENTERPRISE,2,Do you currently support any Black-owned businesses in the area? Which ones?,Real Deal Boxing for my son. 1996 Eatery,,positive,2026-01-20 18:30:50
NCH-237,Jerome Howard,North College Hill,SMS,ENTERPRISE,3,"If you're a business owner or aspiring entrepreneur, what support would help you most?",Looking to start a barbershop. Need help finding a spot,,neutral,2026-01-20 18:31:22
NCH-237,Jerome Howard,North College Hill,SMS,ENTERPRISE,4,Is there anything else you'd like to share about local businesses and economic development?,Just need basics. Not asking for much,,negative,2026-01-20 18:31:55
NCH-238,Amanda Young,North College Hill,web,ENTERPRISE,1,What types of businesses are missing in North College Hill that you wish were here?,A farmers market that's consistent. Also a plant nursery or garden center for us urban gardeners.,37,neutral,2026-01-20 20:22:33
NCH-238,Amanda Young,North College Hill,web,ENTERPRISE,2,Do you currently support any Black-owned businesses in the area? Which ones?,Goodies has the best treats! And I've been to Food Truck Fridays where I support various Black vendors.,38,positive,2026-01-20 20:23:20
NCH-238,Amanda Young,North College Hill,web,ENTERPRISE,3,"If you're a business owner or aspiring entrepreneur, what support would help you most?",I sell plants and produce from my garden. A permanent farmers market location would help sellers like me.,42,neutral,2026-01-20 20:24:10
NCH-238,Amanda Young,North College Hill,web,ENTERPRISE,4,Is there anything else you'd like to share about local businesses and economic development?,Green businesses and urban agriculture could be NCH's niche. Differentiate from surrounding areas.,40,positive,2026-01-20 20:25:05
NCH-239,Frank Nelson,North College Hill,web,ENTERPRISE,1,What types of businesses are missing in North College Hill that you wish were here?,Electronics store and computer repair. Also wouldn't mind a good sports bar with TVs.,34,neutral,2026-01-21 08:15:22
NCH-239,Frank Nelson,North College Hill,web,ENTERPRISE,2,Do you currently support any Black-owned businesses in the area? Which ones?,1996 Eatery when I want wings. Otherwise I don't really pay attention to who owns what.,32,neutral,2026-01-21 08:16:00
NCH-239,Frank Nelson,North College Hill,web,ENTERPRISE,3,"If you're a business owner or aspiring entrepreneur, what support would help you most?",Not a business owner. Work at Amazon warehouse. Stable job but no time for entrepreneurship.,30,neutral,2026-01-21 08:16:45
NCH-239,Frank Nelson,North College Hill,web,ENTERPRISE,4,Is there anything else you'd like to share about local businesses and economic development?,More parking on Hamilton Avenue would help businesses. Hard to stop when there's nowhere to park.,36,negative,2026-01-21 08:17:35
NCH-240,Danielle King,North College Hill,phone,ENTERPRISE,1,What types of businesses are missing in North College Hill that you wish were here?,A Starbucks or local coffee shop. And clothing stores - even just a Ross or TJ Maxx.,46,neutral,2026-01-21 10:30:45
NCH-240,Danielle King,North College Hill,phone,ENTERPRISE,2,Do you currently support any Black-owned businesses in the area? Which ones?,Twisted Nails is amazing! Best nail techs. And 1996 Eatery when I'm craving something good.,42,positive,2026-01-21 10:31:35
NCH-240,Danielle King,North College Hill,phone,ENTERPRISE,3,"If you're a business owner or aspiring entrepreneur, what support would help you most?",I sell clothes online through Instagram. A pop-up retail space would help me test a physical location.,48,neutral,2026-01-21 10:32:30
NCH-240,Danielle King,North College Hill,phone,ENTERPRISE,4,Is there anything else you'd like to share about local businesses and economic development?,Social media marketing for NCH businesses would help. Many don't have strong online presence.,44,neutral,2026-01-21 10:33:25
NCH-241,Steven Hall,North College Hill,web,ENTERPRISE,1,What types of businesses are missing in North College Hill that you wish were here?,Music store or recording studio. Also a venue for local artists to perform. Support the arts.,36,neutral,2026-01-21 12:45:18
NCH-241,Steven Hall,North College Hill,web,ENTERPRISE,2,Do you currently support any Black-owned businesses in the area? Which ones?,Stepping Stone Event Center hosted my band once. Great acoustics actually. Support local venues.,34,positive,2026-01-21 12:46:05
NCH-241,Steven Hall,North College Hill,web,ENTERPRISE,3,"If you're a business owner or aspiring entrepreneur, what support would help you most?",I'm a musician wanting to teach lessons. Affordable studio space and help marketing to families.,40,neutral,2026-01-21 12:47:00
NCH-241,Steven Hall,North College Hill,web,ENTERPRISE,4,Is there anything else you'd like to share about local businesses and economic development?,Creative economy is real economy. Don't forget artists and musicians when planning development.,38,positive,2026-01-21 12:47:50
NCH-242,Ruth Cooper,North College Hill,web,ENTERPRISE,1,What types of businesses are missing in North College Hill that you wish were here?,A proper sit-down restaurant not fast food. And better grocery options besides Kroger.,35,negative,2026-01-21 14:22:33
NCH-242,Ruth Cooper,North College Hill,web,ENTERPRISE,2,Do you currently support any Black-owned businesses in the area? Which ones?,Goodies bakery is wonderful. Such a sweet lady who runs it. Also been to 1996 Eatery.,36,positive,2026-01-21 14:23:20
NCH-242,Ruth Cooper,North College Hill,web,ENTERPRISE,3,"If you're a business owner or aspiring entrepreneur, what support would help you most?",I'm retired but volunteer with seniors. Transportation to local businesses is a barrier for many elderly.,44,negative,2026-01-21 14:24:15
NCH-242,Ruth Cooper,North College Hill,web,ENTERPRISE,4,Is there anything else you'd like to share about local businesses and economic development?,Don't forget seniors in planning. We have money to spend but need accessibility and convenience.,40,neutral,2026-01-21 14:25:05
NCH-243,Terrance Richardson,North College Hill,phone,ENTERPRISE,1,What types of businesses are missing in North College Hill that you wish were here?,A community workspace - like WeWork but affordable. Also more food variety beyond American fare.,52,neutral,2026-01-21 16:30:22
NCH-243,Terrance Richardson,North College Hill,phone,ENTERPRISE,2,Do you currently support any Black-owned businesses in the area? Which ones?,Real Deal Boxing is a community institution. Also get my car detailed by Trotter. Quality services.,46,positive,2026-01-21 16:31:20
NCH-243,Terrance Richardson,North College Hill,phone,ENTERPRISE,3,"If you're a business owner or aspiring entrepreneur, what support would help you most?",I do web development freelance. Local networking opportunities to find clients would be valuable.,44,neutral,2026-01-21 16:32:12
NCH-243,Terrance Richardson,North College Hill,phone,ENTERPRISE,4,Is there anything else you'd like to share about local businesses and economic development?,Remote workers like me could revitalize daytime economy. Coffee shop plus co-working is the formula.,48,positive,2026-01-21 16:33:10
NCH-244,Lisa Murphy,North College Hill,web,ENTERPRISE,1,What types of businesses are missing in North College Hill that you wish were here?,Clothing boutique and a better salon.,32,neutral,2026-01-21 18:15:45
NCH-244,Lisa Murphy,North College Hill,web,ENTERPRISE,2,Do you currently support any Black-owned businesses in the area? Which ones?,Splitting Wigs is my spot! Love them.,28,positive,2026-01-21 18:16:18
NCH-244,Lisa Murphy,North College Hill,web,ENTERPRISE,3,"If you're a business owner or aspiring entrepreneur, what support would help you most?",Looking to start lash business. Need affordable training.,25,neutral,2026-01-21 18:16:50
NCH-244,Lisa Murphy,North College Hill,web,ENTERPRISE,4,Is there anything else you'd like to share about local businesses and economic development?,Beauty industry could be bigger here. Lots of talent.,24,positive,2026-01-21 18:17:22
NCH-245,Harold Price,North College Hill,web,ENTERPRISE,1,What types of businesses are missing in North College Hill that you wish were here?,Hardware store definitely. Also a local pub or tavern for gathering. Community spaces matter.,38,negative,2026-01-21 20:30:18
NCH-245,Harold Price,North College Hill,web,ENTERPRISE,2,Do you currently support any Black-owned businesses in the area? Which ones?,1996 Eatery occasionally. Otherwise mostly shop at Kroger and the bakery that's been here forever.,34,neutral,2026-01-21 20:31:05
NCH-245,Harold Price,North College Hill,web,ENTERPRISE,3,"If you're a business owner or aspiring entrepreneur, what support would help you most?",Just a resident not an entrepreneur. But would frequent any new local business that opens.,28,neutral,2026-01-21 20:31:45
NCH-245,Harold Price,North College Hill,web,ENTERPRISE,4,Is there anything else you'd like to share about local businesses and economic development?,Been here 30 years. Seen the decline. Ready to see the comeback. Invest in Hamilton Avenue.,36,negative,2026-01-21 20:32:35
NCH-246,Monique Sanders,North College Hill,web,ENTERPRISE,1,What types of businesses are missing in North College Hill that you wish were here?,A tutoring center and after-school programs. Kids need structure and parents need childcare help.,41,negative,2026-01-22 08:22:33
NCH-246,Monique Sanders,North College Hill,web,ENTERPRISE,2,Do you currently support any Black-owned businesses in the area? Which ones?,My kids love Goodies for treats. And 1996 Eatery is our Friday night go-to. Support Black always.,38,positive,2026-01-22 08:23:20
NCH-246,Monique Sanders,North College Hill,web,ENTERPRISE,3,"If you're a business owner or aspiring entrepreneur, what support would help you most?",I tutor kids on the side. Want to formalize into a real learning center. Space and startup funding needed.,45,neutral,2026-01-22 08:24:15
NCH-246,Monique Sanders,North College Hill,web,ENTERPRISE,4,Is there anything else you'd like to share about local businesses and economic development?,Invest in youth services and you invest in the future. Kids are economic development too.,38,positive,2026-01-22 08:25:05
NCH-247,Richard Allen,North College Hill,phone,ENTERPRISE,1,What types of businesses are missing in North College Hill that you wish were here?,A credit union or community bank. Also tire shop and oil change place. Automotive basics.,50,negative,2026-01-22 10:15:45
NCH-247,Richard Allen,North College Hill,phone,ENTERPRISE,2,Do you currently support any Black-owned businesses in the area? Which ones?,Trotter Mobile Detailing is excellent. Comes to my house and does great work and fair price. That's service.,44,positive,2026-01-22 10:16:40
NCH-247,Richard Allen,North College Hill,phone,ENTERPRISE,3,"If you're a business owner or aspiring entrepreneur, what support would help you most?",I've been fixing cars for decades. Thinking about opening a shop but commercial real estate is confusing.,52,neutral,2026-01-22 10:17:45
NCH-247,Richard Allen,North College Hill,phone,ENTERPRISE,4,Is there anything else you'd like to share about local businesses and economic development?,The trades are being forgotten. Support mechanics and electricians and plumbers. We need skilled workers.,46,neutral,2026-01-22 10:18:40
NCH-248,Ebony Foster,North College Hill,web,ENTERPRISE,1,What types of businesses are missing in North College Hill that you wish were here?,A real spa! Massages and facials and the works. Self-care matters. Also need a wine bar for girls night.,43,neutral,2026-01-22 12:30:22
NCH-248,Ebony Foster,North College Hill,web,ENTERPRISE,2,Do you currently support any Black-owned businesses in the area? Which ones?,Twisted Nails religiously. Splitting Wigs for my hair. 1996 Eatery for soul food. Supporting Black women entrepreneurs!,40,positive,2026-01-22 12:31:10
NCH-248,Ebony Foster,North College Hill,web,ENTERPRISE,3,"If you're a business owner or aspiring entrepreneur, what support would help you most?",I do makeup for events. Want to expand to permanent studio. Financing and location assistance needed.,44,neutral,2026-01-22 12:32:05
NCH-248,Ebony Foster,North College Hill,web,ENTERPRISE,4,Is there anything else you'd like to share about local businesses and economic development?,Black women are the economic engine of this community. Support us and watch NCH flourish.,36,positive,2026-01-22 12:32:55
NCH-249,Wayne Patterson,North College Hill,phone,ENTERPRISE,1,What types of businesses are missing in North College Hill that you wish were here?,A VFW or American Legion post. Also more dining options for vets. We're a community too.,48,neutral,2026-01-22 14:45:18
NCH-249,Wayne Patterson,North College Hill,phone,ENTERPRISE,2,Do you currently support any Black-owned businesses in the area? Which ones?,Real Deal Boxing Club does good work with youth. I've donated. Also like the bakery that's been here forever.,46,positive,2026-01-22 14:46:15
NCH-249,Wayne Patterson,North College Hill,phone,ENTERPRISE,3,"If you're a business owner or aspiring entrepreneur, what support would help you most?",Retired military. If there were grants for veteran-owned businesses that might interest me.,42,neutral,2026-01-22 14:47:05
NCH-249,Wayne Patterson,North College Hill,phone,ENTERPRISE,4,Is there anything else you'd like to share about local businesses and economic development?,Veteran-owned business incentives could bring entrepreneurship to those who served. Think about it.,44,neutral,2026-01-22 14:48:00
NCH-250,Tonya Simmons,North College Hill,web,ENTERPRISE,1,What types of businesses are missing in North College Hill that you wish were here?,Quality childcare center and a swim school for kids. Also a family entertainment center of some kind.,42,negative,2026-01-22 16:22:45
NCH-250,Tonya Simmons,North College Hill,web,ENTERPRISE,2,Do you currently support any Black-owned businesses in the area? Which ones?,1996 Eatery is family favorite. Stepping Stone Event Center for my daughter's birthday. Both excellent.,38,positive,2026-01-22 16:23:35
NCH-250,Tonya Simmons,North College Hill,web,ENTERPRISE,3,"If you're a business owner or aspiring entrepreneur, what support would help you most?",I run a home daycare. Expanding to a center would require help with facilities and licensing and hiring.,48,neutral,2026-01-22 16:24:35
NCH-250,Tonya Simmons,North College Hill,web,ENTERPRISE,4,Is there anything else you'd like to share about local businesses and economic development?,Childcare is economic infrastructure. Parents can't work without it. Make it a priority for NCH.,40,positive,2026-01-22 16:25:30
